Date,Market Demand,Ontario Demand
2020-01-01 00:00:00,16565,13219
2020-01-01 01:00:00,16193,12895
2020-01-01 02:00:00,16072,12554
2020-01-01 03:00:00,15930,12360
2020-01-01 04:00:00,15963,12353
2020-01-01 05:00:00,16057,12458
2020-01-01 06:00:00,16249,12729
2020-01-01 07:00:00,16498,13180
2020-01-01 08:00:00,16686,13406
2020-01-01 09:00:00,16973,13765
2020-01-01 10:00:00,17340,14078
2020-01-01 11:00:00,17537,14373
2020-01-01 12:00:00,17756,14495
2020-01-01 13:00:00,17764,14513
2020-01-01 14:00:00,17857,14690
2020-01-01 15:00:00,17162,14753
2020-01-01 16:00:00,17654,15490
2020-01-01 17:00:00,18537,16324
2020-01-01 18:00:00,18574,16208
2020-01-01 19:00:00,18332,15911
2020-01-01 20:00:00,18314,15535
2020-01-01 21:00:00,18638,15222
2020-01-01 22:00:00,17964,14426
2020-01-01 23:00:00,17201,13698
2020-01-02 00:00:00,16449,12996
2020-01-02 01:00:00,16373,12662
2020-01-02 02:00:00,16031,12435
2020-01-02 03:00:00,15872,12365
2020-01-02 04:00:00,16082,12481
2020-01-02 05:00:00,16587,12940
2020-01-02 06:00:00,17671,13999
2020-01-02 07:00:00,19065,15238
2020-01-02 08:00:00,19484,15655
2020-01-02 09:00:00,19585,15819
2020-01-02 10:00:00,19086,15839
2020-01-02 11:00:00,19024,15846
2020-01-02 12:00:00,18568,15685
2020-01-02 13:00:00,19147,15926
2020-01-02 14:00:00,19114,15932
2020-01-02 15:00:00,19113,16048
2020-01-02 16:00:00,19141,16846
2020-01-02 17:00:00,19784,17621
2020-01-02 18:00:00,19768,17331
2020-01-02 19:00:00,19623,17099
2020-01-02 20:00:00,19173,16784
2020-01-02 21:00:00,18611,16005
2020-01-02 22:00:00,18223,15145
2020-01-02 23:00:00,17277,14154
2020-01-03 00:00:00,16372,13369
2020-01-03 01:00:00,16181,12976
2020-01-03 02:00:00,15810,12588
2020-01-03 03:00:00,15853,12570
2020-01-03 04:00:00,16420,12759
2020-01-03 05:00:00,16798,13419
2020-01-03 06:00:00,16773,14323
2020-01-03 07:00:00,17414,15321
2020-01-03 08:00:00,17897,15941
2020-01-03 09:00:00,17624,16053
2020-01-03 10:00:00,18203,16339
2020-01-03 11:00:00,18034,16358
2020-01-03 12:00:00,18700,16684
2020-01-03 13:00:00,18644,16744
2020-01-03 14:00:00,18323,16516
2020-01-03 15:00:00,18446,16491
2020-01-03 16:00:00,18943,16991
2020-01-03 17:00:00,19776,17675
2020-01-03 18:00:00,19422,17228
2020-01-03 19:00:00,19160,16918
2020-01-03 20:00:00,18590,16669
2020-01-03 21:00:00,18078,16091
2020-01-03 22:00:00,17147,15254
2020-01-03 23:00:00,16388,14304
2020-01-04 00:00:00,16073,13670
2020-01-04 01:00:00,15942,13237
2020-01-04 02:00:00,15583,12942
2020-01-04 03:00:00,15651,12814
2020-01-04 04:00:00,15610,12814
2020-01-04 05:00:00,15984,13030
2020-01-04 06:00:00,16248,13623
2020-01-04 07:00:00,16696,14289
2020-01-04 08:00:00,17290,14854
2020-01-04 09:00:00,17811,15432
2020-01-04 10:00:00,18313,15880
2020-01-04 11:00:00,19004,16125
2020-01-04 12:00:00,19023,16131
2020-01-04 13:00:00,18780,16123
2020-01-04 14:00:00,18824,16082
2020-01-04 15:00:00,19010,16139
2020-01-04 16:00:00,19659,16640
2020-01-04 17:00:00,20309,17273
2020-01-04 18:00:00,20004,16885
2020-01-04 19:00:00,19638,16579
2020-01-04 20:00:00,19243,16251
2020-01-04 21:00:00,18718,15788
2020-01-04 22:00:00,17774,15023
2020-01-04 23:00:00,17073,14213
2020-01-05 00:00:00,17067,13678
2020-01-05 01:00:00,17138,13156
2020-01-05 02:00:00,16853,12831
2020-01-05 03:00:00,17164,12827
2020-01-05 04:00:00,17015,12822
2020-01-05 05:00:00,17168,12994
2020-01-05 06:00:00,16897,13468
2020-01-05 07:00:00,16862,13991
2020-01-05 08:00:00,17097,14406
2020-01-05 09:00:00,17559,14727
2020-01-05 10:00:00,17630,14913
2020-01-05 11:00:00,17804,14979
2020-01-05 12:00:00,18123,15208
2020-01-05 13:00:00,18507,15412
2020-01-05 14:00:00,18812,15750
2020-01-05 15:00:00,18988,15992
2020-01-05 16:00:00,19492,16846
2020-01-05 17:00:00,20677,17885
2020-01-05 18:00:00,20700,17617
2020-01-05 19:00:00,20547,17288
2020-01-05 20:00:00,20094,16853
2020-01-05 21:00:00,19499,16207
2020-01-05 22:00:00,18616,15354
2020-01-05 23:00:00,18268,14477
2020-01-06 00:00:00,18079,13928
2020-01-06 01:00:00,17963,13629
2020-01-06 02:00:00,17719,13484
2020-01-06 03:00:00,17792,13454
2020-01-06 04:00:00,17828,13602
2020-01-06 05:00:00,17906,14206
2020-01-06 06:00:00,18635,15539
2020-01-06 07:00:00,20196,16992
2020-01-06 08:00:00,20243,17125
2020-01-06 09:00:00,20168,17055
2020-01-06 10:00:00,20222,16949
2020-01-06 11:00:00,19842,16846
2020-01-06 12:00:00,19684,16738
2020-01-06 13:00:00,19692,16548
2020-01-06 14:00:00,19497,16419
2020-01-06 15:00:00,19767,16723
2020-01-06 16:00:00,20833,17668
2020-01-06 17:00:00,22021,18680
2020-01-06 18:00:00,21367,18368
2020-01-06 19:00:00,21199,18196
2020-01-06 20:00:00,20134,17817
2020-01-06 21:00:00,19766,17122
2020-01-06 22:00:00,18724,16078
2020-01-06 23:00:00,17914,14881
2020-01-07 00:00:00,17202,14347
2020-01-07 01:00:00,17177,14010
2020-01-07 02:00:00,16608,13781
2020-01-07 03:00:00,16643,13867
2020-01-07 04:00:00,16639,14074
2020-01-07 05:00:00,17245,14606
2020-01-07 06:00:00,18854,15931
2020-01-07 07:00:00,19690,17335
2020-01-07 08:00:00,19963,17547
2020-01-07 09:00:00,19789,17363
2020-01-07 10:00:00,19599,17155
2020-01-07 11:00:00,19720,16869
2020-01-07 12:00:00,19163,16508
2020-01-07 13:00:00,18633,16333
2020-01-07 14:00:00,18913,16439
2020-01-07 15:00:00,19431,16715
2020-01-07 16:00:00,20354,17399
2020-01-07 17:00:00,21012,18266
2020-01-07 18:00:00,21349,18118
2020-01-07 19:00:00,21208,18010
2020-01-07 20:00:00,20820,17686
2020-01-07 21:00:00,20278,16970
2020-01-07 22:00:00,19134,16024
2020-01-07 23:00:00,18605,14916
2020-01-08 00:00:00,18269,14222
2020-01-08 01:00:00,17423,13877
2020-01-08 02:00:00,17717,13682
2020-01-08 03:00:00,17839,13733
2020-01-08 04:00:00,17999,13914
2020-01-08 05:00:00,18314,14500
2020-01-08 06:00:00,18748,15743
2020-01-08 07:00:00,20466,17297
2020-01-08 08:00:00,20417,17549
2020-01-08 09:00:00,20510,17465
2020-01-08 10:00:00,20526,17360
2020-01-08 11:00:00,20088,17291
2020-01-08 12:00:00,20320,17134
2020-01-08 13:00:00,20167,17035
2020-01-08 14:00:00,19713,17162
2020-01-08 15:00:00,20433,17606
2020-01-08 16:00:00,21196,18465
2020-01-08 17:00:00,21888,19597
2020-01-08 18:00:00,22118,19786
2020-01-08 19:00:00,21947,19688
2020-01-08 20:00:00,21568,19503
2020-01-08 21:00:00,20430,18598
2020-01-08 22:00:00,19083,17607
2020-01-08 23:00:00,18029,16503
2020-01-09 00:00:00,17652,15786
2020-01-09 01:00:00,17664,15456
2020-01-09 02:00:00,17554,15165
2020-01-09 03:00:00,17702,15115
2020-01-09 04:00:00,18189,15348
2020-01-09 05:00:00,18630,15751
2020-01-09 06:00:00,19843,16969
2020-01-09 07:00:00,20690,18288
2020-01-09 08:00:00,21101,18448
2020-01-09 09:00:00,20720,17980
2020-01-09 10:00:00,20470,17776
2020-01-09 11:00:00,20310,17618
2020-01-09 12:00:00,20543,17638
2020-01-09 13:00:00,21212,17858
2020-01-09 14:00:00,21472,17896
2020-01-09 15:00:00,21440,18289
2020-01-09 16:00:00,21888,18887
2020-01-09 17:00:00,22831,19758
2020-01-09 18:00:00,22517,19587
2020-01-09 19:00:00,22134,19294
2020-01-09 20:00:00,21508,18842
2020-01-09 21:00:00,20462,17985
2020-01-09 22:00:00,19405,16785
2020-01-09 23:00:00,18505,15603
2020-01-10 00:00:00,18263,14871
2020-01-10 01:00:00,17742,14289
2020-01-10 02:00:00,17436,13879
2020-01-10 03:00:00,17265,13714
2020-01-10 04:00:00,17321,13789
2020-01-10 05:00:00,17927,14350
2020-01-10 06:00:00,18853,15546
2020-01-10 07:00:00,19929,16947
2020-01-10 08:00:00,20307,17492
2020-01-10 09:00:00,20289,17355
2020-01-10 10:00:00,20293,17425
2020-01-10 11:00:00,20364,17529
2020-01-10 12:00:00,20014,17451
2020-01-10 13:00:00,20034,17486
2020-01-10 14:00:00,19574,17396
2020-01-10 15:00:00,19590,17520
2020-01-10 16:00:00,20033,17951
2020-01-10 17:00:00,20700,18297
2020-01-10 18:00:00,19826,17691
2020-01-10 19:00:00,18966,17317
2020-01-10 20:00:00,18487,16996
2020-01-10 21:00:00,18516,16443
2020-01-10 22:00:00,17887,15623
2020-01-10 23:00:00,16451,14421
2020-01-11 00:00:00,16267,13665
2020-01-11 01:00:00,16377,13151
2020-01-11 02:00:00,16734,12932
2020-01-11 03:00:00,16960,12680
2020-01-11 04:00:00,16833,12642
2020-01-11 05:00:00,16970,12836
2020-01-11 06:00:00,17466,13526
2020-01-11 07:00:00,17758,14171
2020-01-11 08:00:00,18331,14770
2020-01-11 09:00:00,19084,15641
2020-01-11 10:00:00,19317,16397
2020-01-11 11:00:00,19471,16638
2020-01-11 12:00:00,19359,16955
2020-01-11 13:00:00,19244,17318
2020-01-11 14:00:00,19011,17352
2020-01-11 15:00:00,19004,17160
2020-01-11 16:00:00,19530,17613
2020-01-11 17:00:00,20170,18052
2020-01-11 18:00:00,19916,17561
2020-01-11 19:00:00,19493,17039
2020-01-11 20:00:00,18956,16771
2020-01-11 21:00:00,18412,16237
2020-01-11 22:00:00,17674,15427
2020-01-11 23:00:00,17350,14601
2020-01-12 00:00:00,16953,14042
2020-01-12 01:00:00,17236,13671
2020-01-12 02:00:00,17584,13474
2020-01-12 03:00:00,17305,13440
2020-01-12 04:00:00,17389,13387
2020-01-12 05:00:00,17797,13709
2020-01-12 06:00:00,18187,14288
2020-01-12 07:00:00,18670,14948
2020-01-12 08:00:00,18632,15583
2020-01-12 09:00:00,18673,16179
2020-01-12 10:00:00,19202,16759
2020-01-12 11:00:00,18943,16970
2020-01-12 12:00:00,18673,17134
2020-01-12 13:00:00,18722,16996
2020-01-12 14:00:00,18655,17032
2020-01-12 15:00:00,18432,17278
2020-01-12 16:00:00,19285,17983
2020-01-12 17:00:00,20026,19012
2020-01-12 18:00:00,19831,18687
2020-01-12 19:00:00,19527,18112
2020-01-12 20:00:00,19522,17642
2020-01-12 21:00:00,18911,17063
2020-01-12 22:00:00,18003,16240
2020-01-12 23:00:00,17160,15448
2020-01-13 00:00:00,16563,14740
2020-01-13 01:00:00,16095,14359
2020-01-13 02:00:00,16426,14339
2020-01-13 03:00:00,16297,14488
2020-01-13 04:00:00,16098,14462
2020-01-13 05:00:00,16857,15178
2020-01-13 06:00:00,18167,16554
2020-01-13 07:00:00,19491,17968
2020-01-13 08:00:00,20096,18421
2020-01-13 09:00:00,20283,18480
2020-01-13 10:00:00,20448,18391
2020-01-13 11:00:00,20374,18249
2020-01-13 12:00:00,19886,18132
2020-01-13 13:00:00,20152,18049
2020-01-13 14:00:00,20153,18005
2020-01-13 15:00:00,20467,18108
2020-01-13 16:00:00,21038,18642
2020-01-13 17:00:00,21085,19271
2020-01-13 18:00:00,20389,19041
2020-01-13 19:00:00,20475,18771
2020-01-13 20:00:00,20001,18349
2020-01-13 21:00:00,19449,17631
2020-01-13 22:00:00,18164,16486
2020-01-13 23:00:00,16820,15353
2020-01-14 00:00:00,15707,14611
2020-01-14 01:00:00,15135,14013
2020-01-14 02:00:00,15119,13792
2020-01-14 03:00:00,15521,13749
2020-01-14 04:00:00,15448,14068
2020-01-14 05:00:00,17035,14668
2020-01-14 06:00:00,18875,15920
2020-01-14 07:00:00,20429,17457
2020-01-14 08:00:00,20454,17751
2020-01-14 09:00:00,20295,17680
2020-01-14 10:00:00,20276,18022
2020-01-14 11:00:00,20420,18070
2020-01-14 12:00:00,19958,17884
2020-01-14 13:00:00,19820,17809
2020-01-14 14:00:00,19779,17716
2020-01-14 15:00:00,19896,17905
2020-01-14 16:00:00,20459,18392
2020-01-14 17:00:00,21233,19128
2020-01-14 18:00:00,21095,18766
2020-01-14 19:00:00,21215,18361
2020-01-14 20:00:00,20696,17992
2020-01-14 21:00:00,20321,17376
2020-01-14 22:00:00,19152,16401
2020-01-14 23:00:00,17847,15098
2020-01-15 00:00:00,16502,14319
2020-01-15 01:00:00,16512,14114
2020-01-15 02:00:00,16366,13952
2020-01-15 03:00:00,16271,13742
2020-01-15 04:00:00,16206,13900
2020-01-15 05:00:00,16815,14569
2020-01-15 06:00:00,18024,15852
2020-01-15 07:00:00,19633,17223
2020-01-15 08:00:00,19557,17405
2020-01-15 09:00:00,19674,17378
2020-01-15 10:00:00,19724,17460
2020-01-15 11:00:00,19847,17284
2020-01-15 12:00:00,19739,17361
2020-01-15 13:00:00,19393,17128
2020-01-15 14:00:00,19240,17157
2020-01-15 15:00:00,19696,17428
2020-01-15 16:00:00,20014,17933
2020-01-15 17:00:00,20948,18573
2020-01-15 18:00:00,21092,18667
2020-01-15 19:00:00,20512,18315
2020-01-15 20:00:00,20201,17972
2020-01-15 21:00:00,19264,17284
2020-01-15 22:00:00,18139,16197
2020-01-15 23:00:00,17104,15070
2020-01-16 00:00:00,16062,14258
2020-01-16 01:00:00,16371,13938
2020-01-16 02:00:00,16620,13913
2020-01-16 03:00:00,17288,13919
2020-01-16 04:00:00,17560,14069
2020-01-16 05:00:00,17463,14603
2020-01-16 06:00:00,18530,15811
2020-01-16 07:00:00,19906,17207
2020-01-16 08:00:00,20287,17574
2020-01-16 09:00:00,20204,17430
2020-01-16 10:00:00,19991,17317
2020-01-16 11:00:00,19999,17288
2020-01-16 12:00:00,19865,17150
2020-01-16 13:00:00,19838,17148
2020-01-16 14:00:00,19843,17100
2020-01-16 15:00:00,20105,17340
2020-01-16 16:00:00,20758,18021
2020-01-16 17:00:00,21636,18926
2020-01-16 18:00:00,21883,19155
2020-01-16 19:00:00,21660,18982
2020-01-16 20:00:00,21369,18730
2020-01-16 21:00:00,20689,18135
2020-01-16 22:00:00,19429,17174
2020-01-16 23:00:00,18603,16097
2020-01-17 00:00:00,18234,15653
2020-01-17 01:00:00,18015,15442
2020-01-17 02:00:00,17911,15353
2020-01-17 03:00:00,17743,15340
2020-01-17 04:00:00,17867,15597
2020-01-17 05:00:00,18361,16202
2020-01-17 06:00:00,19197,17401
2020-01-17 07:00:00,20593,18891
2020-01-17 08:00:00,20897,19202
2020-01-17 09:00:00,20531,18835
2020-01-17 10:00:00,20419,18544
2020-01-17 11:00:00,20244,18312
2020-01-17 12:00:00,20538,18110
2020-01-17 13:00:00,20280,17936
2020-01-17 14:00:00,20145,17859
2020-01-17 15:00:00,20382,18142
2020-01-17 16:00:00,21214,18877
2020-01-17 17:00:00,22076,19928
2020-01-17 18:00:00,21785,19739
2020-01-17 19:00:00,21689,19617
2020-01-17 20:00:00,21376,19277
2020-01-17 21:00:00,20217,18508
2020-01-17 22:00:00,19158,17646
2020-01-17 23:00:00,17800,16227
2020-01-18 00:00:00,17840,15466
2020-01-18 01:00:00,17597,14990
2020-01-18 02:00:00,17695,14615
2020-01-18 03:00:00,17636,14543
2020-01-18 04:00:00,17833,14504
2020-01-18 05:00:00,18380,14832
2020-01-18 06:00:00,18928,15442
2020-01-18 07:00:00,19027,16040
2020-01-18 08:00:00,19740,16995
2020-01-18 09:00:00,20261,17692
2020-01-18 10:00:00,20998,18189
2020-01-18 11:00:00,20680,18524
2020-01-18 12:00:00,20974,18721
2020-01-18 13:00:00,21200,18640
2020-01-18 14:00:00,21327,18462
2020-01-18 15:00:00,21449,18449
2020-01-18 16:00:00,21871,18798
2020-01-18 17:00:00,22490,19417
2020-01-18 18:00:00,22271,19030
2020-01-18 19:00:00,21477,18305
2020-01-18 20:00:00,20677,17667
2020-01-18 21:00:00,19753,16926
2020-01-18 22:00:00,18989,16157
2020-01-18 23:00:00,18010,15280
2020-01-19 00:00:00,17645,14570
2020-01-19 01:00:00,17510,14154
2020-01-19 02:00:00,17728,14034
2020-01-19 03:00:00,17603,13813
2020-01-19 04:00:00,17169,13669
2020-01-19 05:00:00,17210,14012
2020-01-19 06:00:00,17814,14457
2020-01-19 07:00:00,17670,15025
2020-01-19 08:00:00,18546,15781
2020-01-19 09:00:00,19421,16458
2020-01-19 10:00:00,19560,16809
2020-01-19 11:00:00,19682,16880
2020-01-19 12:00:00,19595,17063
2020-01-19 13:00:00,19689,17003
2020-01-19 14:00:00,19784,16974
2020-01-19 15:00:00,19998,17145
2020-01-19 16:00:00,20537,17771
2020-01-19 17:00:00,21857,18939
2020-01-19 18:00:00,21855,19032
2020-01-19 19:00:00,21546,18742
2020-01-19 20:00:00,21242,18487
2020-01-19 21:00:00,20652,17852
2020-01-19 22:00:00,19072,16806
2020-01-19 23:00:00,18122,15911
2020-01-20 00:00:00,17610,15390
2020-01-20 01:00:00,17564,15211
2020-01-20 02:00:00,17241,14957
2020-01-20 03:00:00,17125,15020
2020-01-20 04:00:00,17079,15346
2020-01-20 05:00:00,18150,16068
2020-01-20 06:00:00,19424,17245
2020-01-20 07:00:00,20628,18571
2020-01-20 08:00:00,20940,18897
2020-01-20 09:00:00,21136,18798
2020-01-20 10:00:00,21118,18562
2020-01-20 11:00:00,20643,18230
2020-01-20 12:00:00,20093,17876
2020-01-20 13:00:00,20077,17571
2020-01-20 14:00:00,19891,17457
2020-01-20 15:00:00,20009,17708
2020-01-20 16:00:00,21002,18472
2020-01-20 17:00:00,22261,19522
2020-01-20 18:00:00,22568,19756
2020-01-20 19:00:00,22433,19560
2020-01-20 20:00:00,21978,19233
2020-01-20 21:00:00,21005,18500
2020-01-20 22:00:00,19549,17419
2020-01-20 23:00:00,18638,16452
2020-01-21 00:00:00,18128,15764
2020-01-21 01:00:00,17812,15360
2020-01-21 02:00:00,17553,15140
2020-01-21 03:00:00,17452,15053
2020-01-21 04:00:00,17501,15250
2020-01-21 05:00:00,17932,15744
2020-01-21 06:00:00,19982,17087
2020-01-21 07:00:00,21470,18481
2020-01-21 08:00:00,21449,18793
2020-01-21 09:00:00,21452,18750
2020-01-21 10:00:00,21399,18684
2020-01-21 11:00:00,21330,18435
2020-01-21 12:00:00,20816,18297
2020-01-21 13:00:00,20777,18253
2020-01-21 14:00:00,20629,18155
2020-01-21 15:00:00,20593,18202
2020-01-21 16:00:00,19787,18003
2020-01-21 17:00:00,20538,18600
2020-01-21 18:00:00,20512,18721
2020-01-21 19:00:00,20228,18485
2020-01-21 20:00:00,19542,18278
2020-01-21 21:00:00,19800,17954
2020-01-21 22:00:00,18782,16841
2020-01-21 23:00:00,17749,15864
2020-01-22 00:00:00,17318,15152
2020-01-22 01:00:00,17435,14807
2020-01-22 02:00:00,17096,14595
2020-01-22 03:00:00,16791,14546
2020-01-22 04:00:00,16941,14642
2020-01-22 05:00:00,17783,15234
2020-01-22 06:00:00,19083,16552
2020-01-22 07:00:00,20621,17946
2020-01-22 08:00:00,20527,18091
2020-01-22 09:00:00,20487,17938
2020-01-22 10:00:00,20787,17848
2020-01-22 11:00:00,20380,17549
2020-01-22 12:00:00,19999,17149
2020-01-22 13:00:00,19718,17026
2020-01-22 14:00:00,19727,17195
2020-01-22 15:00:00,20079,17559
2020-01-22 16:00:00,20532,18236
2020-01-22 17:00:00,21426,19013
2020-01-22 18:00:00,21606,19126
2020-01-22 19:00:00,21154,18932
2020-01-22 20:00:00,20763,18649
2020-01-22 21:00:00,20203,18042
2020-01-22 22:00:00,19111,16925
2020-01-22 23:00:00,17857,15684
2020-01-23 00:00:00,16886,14807
2020-01-23 01:00:00,16608,14377
2020-01-23 02:00:00,16370,14111
2020-01-23 03:00:00,16438,14079
2020-01-23 04:00:00,16757,14479
2020-01-23 05:00:00,17153,14918
2020-01-23 06:00:00,18465,16102
2020-01-23 07:00:00,19835,17458
2020-01-23 08:00:00,20034,17729
2020-01-23 09:00:00,19889,17593
2020-01-23 10:00:00,20190,17667
2020-01-23 11:00:00,20140,17576
2020-01-23 12:00:00,20039,17314
2020-01-23 13:00:00,19856,17271
2020-01-23 14:00:00,19812,17317
2020-01-23 15:00:00,19869,17453
2020-01-23 16:00:00,20297,17946
2020-01-23 17:00:00,20628,18537
2020-01-23 18:00:00,20667,18559
2020-01-23 19:00:00,20910,18382
2020-01-23 20:00:00,20492,18038
2020-01-23 21:00:00,19682,17462
2020-01-23 22:00:00,18954,16359
2020-01-23 23:00:00,17579,15204
2020-01-24 00:00:00,17084,14418
2020-01-24 01:00:00,16639,14039
2020-01-24 02:00:00,16515,13841
2020-01-24 03:00:00,16848,13800
2020-01-24 04:00:00,16767,13817
2020-01-24 05:00:00,16926,14305
2020-01-24 06:00:00,18094,15469
2020-01-24 07:00:00,19426,16851
2020-01-24 08:00:00,19660,17138
2020-01-24 09:00:00,19681,17171
2020-01-24 10:00:00,19336,16958
2020-01-24 11:00:00,19133,16825
2020-01-24 12:00:00,19161,16611
2020-01-24 13:00:00,18654,16380
2020-01-24 14:00:00,19017,16417
2020-01-24 15:00:00,19255,16602
2020-01-24 16:00:00,19860,17128
2020-01-24 17:00:00,20603,17720
2020-01-24 18:00:00,20473,17768
2020-01-24 19:00:00,20365,17639
2020-01-24 20:00:00,20096,17408
2020-01-24 21:00:00,19605,16876
2020-01-24 22:00:00,18689,15881
2020-01-24 23:00:00,17826,14747
2020-01-25 00:00:00,17610,14282
2020-01-25 01:00:00,16958,13691
2020-01-25 02:00:00,16856,13305
2020-01-25 03:00:00,16570,13151
2020-01-25 04:00:00,16844,13372
2020-01-25 05:00:00,16842,13732
2020-01-25 06:00:00,16486,14111
2020-01-25 07:00:00,17106,14877
2020-01-25 08:00:00,17257,15642
2020-01-25 09:00:00,18077,16237
2020-01-25 10:00:00,18552,16738
2020-01-25 11:00:00,18978,16961
2020-01-25 12:00:00,19069,17037
2020-01-25 13:00:00,18957,16948
2020-01-25 14:00:00,18857,16846
2020-01-25 15:00:00,19081,16844
2020-01-25 16:00:00,19641,17178
2020-01-25 17:00:00,20050,17629
2020-01-25 18:00:00,19786,17417
2020-01-25 19:00:00,18947,16868
2020-01-25 20:00:00,18336,16414
2020-01-25 21:00:00,18019,15823
2020-01-25 22:00:00,17313,15118
2020-01-25 23:00:00,16595,14379
2020-01-26 00:00:00,16836,13852
2020-01-26 01:00:00,16777,13376
2020-01-26 02:00:00,16622,13013
2020-01-26 03:00:00,16523,12964
2020-01-26 04:00:00,16549,12913
2020-01-26 05:00:00,16651,13096
2020-01-26 06:00:00,17000,13482
2020-01-26 07:00:00,17107,14048
2020-01-26 08:00:00,17622,14612
2020-01-26 09:00:00,17941,15261
2020-01-26 10:00:00,18174,15664
2020-01-26 11:00:00,18322,15867
2020-01-26 12:00:00,18365,16037
2020-01-26 13:00:00,18430,16007
2020-01-26 14:00:00,18477,16116
2020-01-26 15:00:00,19064,16313
2020-01-26 16:00:00,19557,16871
2020-01-26 17:00:00,20179,17646
2020-01-26 18:00:00,20358,17669
2020-01-26 19:00:00,19691,17260
2020-01-26 20:00:00,19406,16886
2020-01-26 21:00:00,18828,16303
2020-01-26 22:00:00,18085,15576
2020-01-26 23:00:00,17428,14754
2020-01-27 00:00:00,17162,14172
2020-01-27 01:00:00,16921,13761
2020-01-27 02:00:00,16999,13654
2020-01-27 03:00:00,17033,13591
2020-01-27 04:00:00,17105,13751
2020-01-27 05:00:00,17486,14296
2020-01-27 06:00:00,17970,15433
2020-01-27 07:00:00,19604,16895
2020-01-27 08:00:00,19975,17259
2020-01-27 09:00:00,19983,17324
2020-01-27 10:00:00,20208,17418
2020-01-27 11:00:00,20163,17374
2020-01-27 12:00:00,20047,17312
2020-01-27 13:00:00,19966,17265
2020-01-27 14:00:00,19793,17229
2020-01-27 15:00:00,19978,17471
2020-01-27 16:00:00,20405,17990
2020-01-27 17:00:00,21043,18722
2020-01-27 18:00:00,21189,18772
2020-01-27 19:00:00,21164,18574
2020-01-27 20:00:00,20861,18112
2020-01-27 21:00:00,20072,17475
2020-01-27 22:00:00,19082,16489
2020-01-27 23:00:00,17742,15337
2020-01-28 00:00:00,16600,14547
2020-01-28 01:00:00,16240,14105
2020-01-28 02:00:00,16189,13912
2020-01-28 03:00:00,16541,13861
2020-01-28 04:00:00,16996,14041
2020-01-28 05:00:00,17496,14600
2020-01-28 06:00:00,18702,15950
2020-01-28 07:00:00,19901,17504
2020-01-28 08:00:00,20032,17631
2020-01-28 09:00:00,19661,17502
2020-01-28 10:00:00,19910,17523
2020-01-28 11:00:00,19746,17430
2020-01-28 12:00:00,19635,17409
2020-01-28 13:00:00,20002,17478
2020-01-28 14:00:00,20140,17446
2020-01-28 15:00:00,20245,17678
2020-01-28 16:00:00,20730,18150
2020-01-28 17:00:00,21445,18800
2020-01-28 18:00:00,21646,18937
2020-01-28 19:00:00,21289,18757
2020-01-28 20:00:00,20937,18367
2020-01-28 21:00:00,19973,17629
2020-01-28 22:00:00,18909,16686
2020-01-28 23:00:00,17862,15678
2020-01-29 00:00:00,17385,14971
2020-01-29 01:00:00,16969,14701
2020-01-29 02:00:00,16903,14548
2020-01-29 03:00:00,17015,14619
2020-01-29 04:00:00,17355,14795
2020-01-29 05:00:00,18148,15401
2020-01-29 06:00:00,19231,16509
2020-01-29 07:00:00,20151,17764
2020-01-29 08:00:00,20573,18127
2020-01-29 09:00:00,20018,17630
2020-01-29 10:00:00,19795,17247
2020-01-29 11:00:00,19485,16907
2020-01-29 12:00:00,19166,16714
2020-01-29 13:00:00,18987,16587
2020-01-29 14:00:00,18727,16555
2020-01-29 15:00:00,19194,16903
2020-01-29 16:00:00,20072,17660
2020-01-29 17:00:00,21494,18729
2020-01-29 18:00:00,21834,19340
2020-01-29 19:00:00,21459,19176
2020-01-29 20:00:00,21112,18784
2020-01-29 21:00:00,20570,18005
2020-01-29 22:00:00,19356,17050
2020-01-29 23:00:00,18280,16013
2020-01-30 00:00:00,17447,15430
2020-01-30 01:00:00,17143,15101
2020-01-30 02:00:00,17050,14918
2020-01-30 03:00:00,17209,14920
2020-01-30 04:00:00,17337,15050
2020-01-30 05:00:00,18330,15582
2020-01-30 06:00:00,19522,16837
2020-01-30 07:00:00,20630,18151
2020-01-30 08:00:00,20506,18369
2020-01-30 09:00:00,20579,18113
2020-01-30 10:00:00,20304,17934
2020-01-30 11:00:00,20005,17759
2020-01-30 12:00:00,19573,17424
2020-01-30 13:00:00,19500,17271
2020-01-30 14:00:00,19447,17295
2020-01-30 15:00:00,19715,17575
2020-01-30 16:00:00,20261,18182
2020-01-30 17:00:00,21198,18860
2020-01-30 18:00:00,21476,19160
2020-01-30 19:00:00,21423,18972
2020-01-30 20:00:00,21207,18655
2020-01-30 21:00:00,20379,17993
2020-01-30 22:00:00,18994,17000
2020-01-30 23:00:00,17882,15973
2020-01-31 00:00:00,17393,15253
2020-01-31 01:00:00,16916,14887
2020-01-31 02:00:00,16546,14648
2020-01-31 03:00:00,16821,14542
2020-01-31 04:00:00,17123,14639
2020-01-31 05:00:00,18003,15300
2020-01-31 06:00:00,19287,16511
2020-01-31 07:00:00,20018,17790
2020-01-31 08:00:00,20406,18067
2020-01-31 09:00:00,20366,18047
2020-01-31 10:00:00,20477,18020
2020-01-31 11:00:00,20709,18004
2020-01-31 12:00:00,20552,17886
2020-01-31 13:00:00,20377,17842
2020-01-31 14:00:00,20071,17854
2020-01-31 15:00:00,20202,17828
2020-01-31 16:00:00,20587,18209
2020-01-31 17:00:00,21049,18723
2020-01-31 18:00:00,21305,18902
2020-01-31 19:00:00,20700,18555
2020-01-31 20:00:00,20511,18119
2020-01-31 21:00:00,19745,17533
2020-01-31 22:00:00,18567,16515
2020-01-31 23:00:00,17224,15458
2020-02-01 00:00:00,17113,14714
2020-02-01 01:00:00,16754,14250
2020-02-01 02:00:00,16386,13927
2020-02-01 03:00:00,16079,13816
2020-02-01 04:00:00,16244,13835
2020-02-01 05:00:00,16741,14162
2020-02-01 06:00:00,17111,14548
2020-02-01 07:00:00,17477,15137
2020-02-01 08:00:00,17942,15812
2020-02-01 09:00:00,18756,16276
2020-02-01 10:00:00,19130,16452
2020-02-01 11:00:00,19106,16357
2020-02-01 12:00:00,18939,16289
2020-02-01 13:00:00,19037,16302
2020-02-01 14:00:00,18821,16059
2020-02-01 15:00:00,18972,16150
2020-02-01 16:00:00,19385,16742
2020-02-01 17:00:00,20299,17522
2020-02-01 18:00:00,20414,17687
2020-02-01 19:00:00,19482,17070
2020-02-01 20:00:00,19421,16634
2020-02-01 21:00:00,18676,16069
2020-02-01 22:00:00,17995,15353
2020-02-01 23:00:00,17670,14925
2020-02-02 00:00:00,17297,14209
2020-02-02 01:00:00,16790,13732
2020-02-02 02:00:00,16328,13464
2020-02-02 03:00:00,16132,13259
2020-02-02 04:00:00,16210,13239
2020-02-02 05:00:00,16505,13409
2020-02-02 06:00:00,16611,13590
2020-02-02 07:00:00,17205,14127
2020-02-02 08:00:00,17818,14840
2020-02-02 09:00:00,18399,15409
2020-02-02 10:00:00,19048,15947
2020-02-02 11:00:00,19293,16182
2020-02-02 12:00:00,19273,16265
2020-02-02 13:00:00,19015,16157
2020-02-02 14:00:00,18953,16194
2020-02-02 15:00:00,19164,16400
2020-02-02 16:00:00,19250,16767
2020-02-02 17:00:00,19493,17463
2020-02-02 18:00:00,19847,17696
2020-02-02 19:00:00,19342,16990
2020-02-02 20:00:00,18503,16442
2020-02-02 21:00:00,18293,15865
2020-02-02 22:00:00,17523,15048
2020-02-02 23:00:00,16842,14245
2020-02-03 00:00:00,16705,13607
2020-02-03 01:00:00,16408,13249
2020-02-03 02:00:00,15871,13174
2020-02-03 03:00:00,15819,13173
2020-02-03 04:00:00,16106,13325
2020-02-03 05:00:00,16726,13934
2020-02-03 06:00:00,18052,15304
2020-02-03 07:00:00,19215,16651
2020-02-03 08:00:00,19169,16849
2020-02-03 09:00:00,19208,16643
2020-02-03 10:00:00,19225,16635
2020-02-03 11:00:00,18938,16414
2020-02-03 12:00:00,18488,16085
2020-02-03 13:00:00,18391,15846
2020-02-03 14:00:00,17914,15889
2020-02-03 15:00:00,18315,16213
2020-02-03 16:00:00,18176,16849
2020-02-03 17:00:00,18525,17741
2020-02-03 18:00:00,19382,18137
2020-02-03 19:00:00,19362,17922
2020-02-03 20:00:00,19130,17606
2020-02-03 21:00:00,18505,16878
2020-02-03 22:00:00,17579,15877
2020-02-03 23:00:00,16705,14796
2020-02-04 00:00:00,16448,14274
2020-02-04 01:00:00,15989,13907
2020-02-04 02:00:00,15532,13654
2020-02-04 03:00:00,15379,13542
2020-02-04 04:00:00,15918,13720
2020-02-04 05:00:00,16519,14133
2020-02-04 06:00:00,17556,15290
2020-02-04 07:00:00,18700,16510
2020-02-04 08:00:00,19100,17072
2020-02-04 09:00:00,19486,17174
2020-02-04 10:00:00,19631,17187
2020-02-04 11:00:00,19444,17052
2020-02-04 12:00:00,19447,16878
2020-02-04 13:00:00,18952,16617
2020-02-04 14:00:00,19153,16649
2020-02-04 15:00:00,19231,17023
2020-02-04 16:00:00,19881,17504
2020-02-04 17:00:00,20855,18154
2020-02-04 18:00:00,20711,18373
2020-02-04 19:00:00,20355,18188
2020-02-04 20:00:00,20172,17851
2020-02-04 21:00:00,19664,17253
2020-02-04 22:00:00,18638,16247
2020-02-04 23:00:00,17762,15307
2020-02-05 00:00:00,17217,14740
2020-02-05 01:00:00,16896,14317
2020-02-05 02:00:00,16826,14155
2020-02-05 03:00:00,16684,14082
2020-02-05 04:00:00,17042,14338
2020-02-05 05:00:00,17806,14999
2020-02-05 06:00:00,19225,16454
2020-02-05 07:00:00,20315,18047
2020-02-05 08:00:00,19857,17900
2020-02-05 09:00:00,19087,17052
2020-02-05 10:00:00,18807,16627
2020-02-05 11:00:00,18706,16509
2020-02-05 12:00:00,18620,16326
2020-02-05 13:00:00,18599,16309
2020-02-05 14:00:00,18591,16270
2020-02-05 15:00:00,19043,16761
2020-02-05 16:00:00,20151,17734
2020-02-05 17:00:00,21049,18626
2020-02-05 18:00:00,21714,19198
2020-02-05 19:00:00,21401,18945
2020-02-05 20:00:00,20926,18509
2020-02-05 21:00:00,19880,17712
2020-02-05 22:00:00,18769,16647
2020-02-05 23:00:00,17642,15586
2020-02-06 00:00:00,17074,14922
2020-02-06 01:00:00,16782,14536
2020-02-06 02:00:00,16513,14298
2020-02-06 03:00:00,16561,14252
2020-02-06 04:00:00,17079,14529
2020-02-06 05:00:00,18003,15019
2020-02-06 06:00:00,19104,16176
2020-02-06 07:00:00,20207,17629
2020-02-06 08:00:00,20377,17990
2020-02-06 09:00:00,20299,18047
2020-02-06 10:00:00,20433,18195
2020-02-06 11:00:00,20624,18307
2020-02-06 12:00:00,20581,18296
2020-02-06 13:00:00,20457,18257
2020-02-06 14:00:00,20774,18189
2020-02-06 15:00:00,20742,18172
2020-02-06 16:00:00,21127,18552
2020-02-06 17:00:00,21792,19051
2020-02-06 18:00:00,21965,19211
2020-02-06 19:00:00,21590,18971
2020-02-06 20:00:00,21361,18587
2020-02-06 21:00:00,20805,17801
2020-02-06 22:00:00,19595,16830
2020-02-06 23:00:00,18579,15929
2020-02-07 00:00:00,17824,15095
2020-02-07 01:00:00,17514,14610
2020-02-07 02:00:00,17181,14473
2020-02-07 03:00:00,17298,14349
2020-02-07 04:00:00,17264,14474
2020-02-07 05:00:00,17273,15075
2020-02-07 06:00:00,18676,16277
2020-02-07 07:00:00,19826,17465
2020-02-07 08:00:00,20416,17902
2020-02-07 09:00:00,20695,18100
2020-02-07 10:00:00,20862,18177
2020-02-07 11:00:00,20820,18142
2020-02-07 12:00:00,20712,18050
2020-02-07 13:00:00,20568,17910
2020-02-07 14:00:00,20392,17764
2020-02-07 15:00:00,20262,17627
2020-02-07 16:00:00,20738,18024
2020-02-07 17:00:00,21877,18658
2020-02-07 18:00:00,22450,19435
2020-02-07 19:00:00,22093,19061
2020-02-07 20:00:00,21252,18715
2020-02-07 21:00:00,20466,18193
2020-02-07 22:00:00,19755,17262
2020-02-07 23:00:00,18861,16236
2020-02-08 00:00:00,18150,15673
2020-02-08 01:00:00,17872,15270
2020-02-08 02:00:00,17838,15022
2020-02-08 03:00:00,17699,14890
2020-02-08 04:00:00,17585,14918
2020-02-08 05:00:00,17873,15201
2020-02-08 06:00:00,18177,15720
2020-02-08 07:00:00,18871,16422
2020-02-08 08:00:00,19449,17245
2020-02-08 09:00:00,19806,17669
2020-02-08 10:00:00,19979,17963
2020-02-08 11:00:00,19768,17874
2020-02-08 12:00:00,19443,17500
2020-02-08 13:00:00,19100,17246
2020-02-08 14:00:00,18733,16925
2020-02-08 15:00:00,18863,16910
2020-02-08 16:00:00,19384,17393
2020-02-08 17:00:00,20422,18369
2020-02-08 18:00:00,20969,18890
2020-02-08 19:00:00,20494,18364
2020-02-08 20:00:00,19481,17774
2020-02-08 21:00:00,18947,17272
2020-02-08 22:00:00,18280,16784
2020-02-08 23:00:00,17419,16010
2020-02-09 00:00:00,17915,15490
2020-02-09 01:00:00,17579,15035
2020-02-09 02:00:00,17257,14756
2020-02-09 03:00:00,17123,14665
2020-02-09 04:00:00,17286,14746
2020-02-09 05:00:00,17207,14889
2020-02-09 06:00:00,17064,15188
2020-02-09 07:00:00,17100,15704
2020-02-09 08:00:00,17693,16330
2020-02-09 09:00:00,18151,16641
2020-02-09 10:00:00,18120,16671
2020-02-09 11:00:00,18456,16784
2020-02-09 12:00:00,19036,16734
2020-02-09 13:00:00,19334,16564
2020-02-09 14:00:00,19204,16621
2020-02-09 15:00:00,19240,16853
2020-02-09 16:00:00,19573,17487
2020-02-09 17:00:00,19955,17928
2020-02-09 18:00:00,19628,18122
2020-02-09 19:00:00,20080,17764
2020-02-09 20:00:00,19802,17483
2020-02-09 21:00:00,19235,16849
2020-02-09 22:00:00,18600,16047
2020-02-09 23:00:00,17860,15180
2020-02-10 00:00:00,17611,14718
2020-02-10 01:00:00,16982,14309
2020-02-10 02:00:00,16683,14124
2020-02-10 03:00:00,16674,14110
2020-02-10 04:00:00,16764,14221
2020-02-10 05:00:00,16970,14626
2020-02-10 06:00:00,18252,15949
2020-02-10 07:00:00,19582,17341
2020-02-10 08:00:00,19899,17728
2020-02-10 09:00:00,19916,17745
2020-02-10 10:00:00,19829,17451
2020-02-10 11:00:00,19343,17239
2020-02-10 12:00:00,19112,16978
2020-02-10 13:00:00,19336,16910
2020-02-10 14:00:00,19550,16929
2020-02-10 15:00:00,19355,16897
2020-02-10 16:00:00,19792,17507
2020-02-10 17:00:00,20617,18301
2020-02-10 18:00:00,21133,18731
2020-02-10 19:00:00,20567,18459
2020-02-10 20:00:00,20207,18037
2020-02-10 21:00:00,19559,17307
2020-02-10 22:00:00,18550,16331
2020-02-10 23:00:00,17512,15258
2020-02-11 00:00:00,17042,14602
2020-02-11 01:00:00,16657,14174
2020-02-11 02:00:00,16405,13917
2020-02-11 03:00:00,16200,13758
2020-02-11 04:00:00,16293,13892
2020-02-11 05:00:00,16884,14393
2020-02-11 06:00:00,17986,15654
2020-02-11 07:00:00,19347,17087
2020-02-11 08:00:00,19523,17417
2020-02-11 09:00:00,19749,17470
2020-02-11 10:00:00,19711,17210
2020-02-11 11:00:00,18996,16630
2020-02-11 12:00:00,18647,16230
2020-02-11 13:00:00,18547,16121
2020-02-11 14:00:00,18857,16185
2020-02-11 15:00:00,19302,16682
2020-02-11 16:00:00,19826,17324
2020-02-11 17:00:00,20556,18016
2020-02-11 18:00:00,21040,18354
2020-02-11 19:00:00,20743,18143
2020-02-11 20:00:00,20308,17711
2020-02-11 21:00:00,19737,17072
2020-02-11 22:00:00,18717,16057
2020-02-11 23:00:00,17563,15084
2020-02-12 00:00:00,16914,14510
2020-02-12 01:00:00,16514,14139
2020-02-12 02:00:00,16214,13857
2020-02-12 03:00:00,16330,13799
2020-02-12 04:00:00,16663,14064
2020-02-12 05:00:00,17194,14657
2020-02-12 06:00:00,18479,15898
2020-02-12 07:00:00,19391,17108
2020-02-12 08:00:00,19041,17052
2020-02-12 09:00:00,18592,16633
2020-02-12 10:00:00,18441,16215
2020-02-12 11:00:00,18275,15849
2020-02-12 12:00:00,18337,15718
2020-02-12 13:00:00,18740,15977
2020-02-12 14:00:00,19384,16167
2020-02-12 15:00:00,19408,16610
2020-02-12 16:00:00,19967,17381
2020-02-12 17:00:00,20449,18154
2020-02-12 18:00:00,20839,18598
2020-02-12 19:00:00,20526,18401
2020-02-12 20:00:00,20125,17995
2020-02-12 21:00:00,19278,17270
2020-02-12 22:00:00,18082,16203
2020-02-12 23:00:00,16897,15237
2020-02-13 00:00:00,16885,14743
2020-02-13 01:00:00,16529,14373
2020-02-13 02:00:00,16400,14097
2020-02-13 03:00:00,16031,13951
2020-02-13 04:00:00,16392,14062
2020-02-13 05:00:00,17403,14847
2020-02-13 06:00:00,18752,16212
2020-02-13 07:00:00,19698,17411
2020-02-13 08:00:00,20010,17772
2020-02-13 09:00:00,20070,17883
2020-02-13 10:00:00,19876,17690
2020-02-13 11:00:00,19866,17554
2020-02-13 12:00:00,19939,17560
2020-02-13 13:00:00,20286,17469
2020-02-13 14:00:00,19994,17551
2020-02-13 15:00:00,20162,17653
2020-02-13 16:00:00,20646,18055
2020-02-13 17:00:00,21442,18767
2020-02-13 18:00:00,22165,19232
2020-02-13 19:00:00,21912,19216
2020-02-13 20:00:00,21690,19163
2020-02-13 21:00:00,21248,18994
2020-02-13 22:00:00,19841,17689
2020-02-13 23:00:00,18699,16714
2020-02-14 00:00:00,18203,16182
2020-02-14 01:00:00,18094,15743
2020-02-14 02:00:00,18209,15735
2020-02-14 03:00:00,18236,15895
2020-02-14 04:00:00,18205,16069
2020-02-14 05:00:00,18359,16610
2020-02-14 06:00:00,20056,17912
2020-02-14 07:00:00,21176,19291
2020-02-14 08:00:00,21127,19278
2020-02-14 09:00:00,21201,19040
2020-02-14 10:00:00,20915,18582
2020-02-14 11:00:00,20640,18115
2020-02-14 12:00:00,19890,17724
2020-02-14 13:00:00,19464,17484
2020-02-14 14:00:00,19444,17526
2020-02-14 15:00:00,19906,17890
2020-02-14 16:00:00,20298,18302
2020-02-14 17:00:00,21393,19152
2020-02-14 18:00:00,22071,19630
2020-02-14 19:00:00,22143,19393
2020-02-14 20:00:00,21332,18903
2020-02-14 21:00:00,20423,18256
2020-02-14 22:00:00,19458,17365
2020-02-14 23:00:00,18236,16267
2020-02-15 00:00:00,17971,15553
2020-02-15 01:00:00,17683,15119
2020-02-15 02:00:00,17396,14757
2020-02-15 03:00:00,17373,14752
2020-02-15 04:00:00,17206,14744
2020-02-15 05:00:00,17571,14976
2020-02-15 06:00:00,18283,15451
2020-02-15 07:00:00,18830,16005
2020-02-15 08:00:00,18950,16434
2020-02-15 09:00:00,19101,16610
2020-02-15 10:00:00,19072,16533
2020-02-15 11:00:00,19153,16427
2020-02-15 12:00:00,19165,16193
2020-02-15 13:00:00,19300,16000
2020-02-15 14:00:00,19095,15997
2020-02-15 15:00:00,19575,16592
2020-02-15 16:00:00,19833,17102
2020-02-15 17:00:00,20451,17783
2020-02-15 18:00:00,20773,18050
2020-02-15 19:00:00,20058,17485
2020-02-15 20:00:00,19373,16972
2020-02-15 21:00:00,18763,16384
2020-02-15 22:00:00,18150,15691
2020-02-15 23:00:00,17436,14935
2020-02-16 00:00:00,16793,14266
2020-02-16 01:00:00,16198,13791
2020-02-16 02:00:00,16506,13636
2020-02-16 03:00:00,16409,13625
2020-02-16 04:00:00,15980,13612
2020-02-16 05:00:00,15931,13704
2020-02-16 06:00:00,16379,14156
2020-02-16 07:00:00,16653,14613
2020-02-16 08:00:00,17120,15078
2020-02-16 09:00:00,17265,15329
2020-02-16 10:00:00,17140,15178
2020-02-16 11:00:00,17109,14821
2020-02-16 12:00:00,17096,14612
2020-02-16 13:00:00,17182,14407
2020-02-16 14:00:00,17257,14410
2020-02-16 15:00:00,17206,14586
2020-02-16 16:00:00,17790,15347
2020-02-16 17:00:00,18402,16399
2020-02-16 18:00:00,19240,17061
2020-02-16 19:00:00,18787,16743
2020-02-16 20:00:00,18262,16416
2020-02-16 21:00:00,17791,15912
2020-02-16 22:00:00,17073,15265
2020-02-16 23:00:00,16260,14506
2020-02-17 00:00:00,15584,14085
2020-02-17 01:00:00,15807,13862
2020-02-17 02:00:00,15658,13658
2020-02-17 03:00:00,15416,13648
2020-02-17 04:00:00,15447,13791
2020-02-17 05:00:00,16068,14085
2020-02-17 06:00:00,16722,14512
2020-02-17 07:00:00,17224,14925
2020-02-17 08:00:00,17246,15043
2020-02-17 09:00:00,16734,14870
2020-02-17 10:00:00,16818,14694
2020-02-17 11:00:00,16951,14599
2020-02-17 12:00:00,17036,14514
2020-02-17 13:00:00,16687,14497
2020-02-17 14:00:00,16545,14491
2020-02-17 15:00:00,17023,14896
2020-02-17 16:00:00,17856,15846
2020-02-17 17:00:00,19081,17072
2020-02-17 18:00:00,19733,17684
2020-02-17 19:00:00,19530,17346
2020-02-17 20:00:00,19241,16939
2020-02-17 21:00:00,18846,16291
2020-02-17 22:00:00,18100,15419
2020-02-17 23:00:00,17462,14560
2020-02-18 00:00:00,16817,13888
2020-02-18 01:00:00,16520,13529
2020-02-18 02:00:00,16367,13537
2020-02-18 03:00:00,16439,13571
2020-02-18 04:00:00,16469,13785
2020-02-18 05:00:00,17135,14413
2020-02-18 06:00:00,18283,15828
2020-02-18 07:00:00,18396,16930
2020-02-18 08:00:00,19127,17452
2020-02-18 09:00:00,19626,17588
2020-02-18 10:00:00,20019,17693
2020-02-18 11:00:00,20077,17684
2020-02-18 12:00:00,19836,17400
2020-02-18 13:00:00,19579,17170
2020-02-18 14:00:00,19331,17025
2020-02-18 15:00:00,19860,17159
2020-02-18 16:00:00,20421,17560
2020-02-18 17:00:00,21104,18257
2020-02-18 18:00:00,21228,18565
2020-02-18 19:00:00,20827,18372
2020-02-18 20:00:00,20417,18010
2020-02-18 21:00:00,19452,17230
2020-02-18 22:00:00,18637,16147
2020-02-18 23:00:00,17746,15198
2020-02-19 00:00:00,16832,14438
2020-02-19 01:00:00,16394,13973
2020-02-19 02:00:00,16519,13997
2020-02-19 03:00:00,16451,14031
2020-02-19 04:00:00,16665,14142
2020-02-19 05:00:00,17339,14685
2020-02-19 06:00:00,18611,15947
2020-02-19 07:00:00,19789,17510
2020-02-19 08:00:00,19520,17408
2020-02-19 09:00:00,18919,16872
2020-02-19 10:00:00,18608,16428
2020-02-19 11:00:00,18339,16322
2020-02-19 12:00:00,18482,16322
2020-02-19 13:00:00,17989,16014
2020-02-19 14:00:00,18060,16102
2020-02-19 15:00:00,18783,16649
2020-02-19 16:00:00,19878,17587
2020-02-19 17:00:00,20870,18611
2020-02-19 18:00:00,21452,19279
2020-02-19 19:00:00,21451,19170
2020-02-19 20:00:00,20719,18772
2020-02-19 21:00:00,20310,18087
2020-02-19 22:00:00,19104,17043
2020-02-19 23:00:00,18127,15970
2020-02-20 00:00:00,17417,15190
2020-02-20 01:00:00,17113,14797
2020-02-20 02:00:00,16990,14648
2020-02-20 03:00:00,17216,14773
2020-02-20 04:00:00,17409,14932
2020-02-20 05:00:00,18117,15563
2020-02-20 06:00:00,19500,16951
2020-02-20 07:00:00,19979,18091
2020-02-20 08:00:00,20095,17944
2020-02-20 09:00:00,19673,17318
2020-02-20 10:00:00,19301,16854
2020-02-20 11:00:00,18851,16680
2020-02-20 12:00:00,18857,16665
2020-02-20 13:00:00,19428,16791
2020-02-20 14:00:00,19392,16831
2020-02-20 15:00:00,19715,17183
2020-02-20 16:00:00,19946,17810
2020-02-20 17:00:00,20975,18653
2020-02-20 18:00:00,22102,19498
2020-02-20 19:00:00,22161,19610
2020-02-20 20:00:00,21937,19184
2020-02-20 21:00:00,20497,18571
2020-02-20 22:00:00,20161,17509
2020-02-20 23:00:00,18681,16303
2020-02-21 00:00:00,18116,15749
2020-02-21 01:00:00,17513,15378
2020-02-21 02:00:00,17573,15085
2020-02-21 03:00:00,17380,14856
2020-02-21 04:00:00,17506,14979
2020-02-21 05:00:00,18370,15638
2020-02-21 06:00:00,19137,16713
2020-02-21 07:00:00,20232,17577
2020-02-21 08:00:00,20192,17345
2020-02-21 09:00:00,19887,16956
2020-02-21 10:00:00,19387,16417
2020-02-21 11:00:00,18903,16001
2020-02-21 12:00:00,18717,15790
2020-02-21 13:00:00,18649,15597
2020-02-21 14:00:00,18426,15394
2020-02-21 15:00:00,18439,15543
2020-02-21 16:00:00,18507,16216
2020-02-21 17:00:00,19650,17198
2020-02-21 18:00:00,20858,18018
2020-02-21 19:00:00,20645,18020
2020-02-21 20:00:00,20128,17718
2020-02-21 21:00:00,19859,17131
2020-02-21 22:00:00,18885,16187
2020-02-21 23:00:00,17991,15075
2020-02-22 00:00:00,17214,14429
2020-02-22 01:00:00,17088,13949
2020-02-22 02:00:00,16923,13685
2020-02-22 03:00:00,16448,13548
2020-02-22 04:00:00,16743,13647
2020-02-22 05:00:00,16789,13850
2020-02-22 06:00:00,17210,14316
2020-02-22 07:00:00,17451,14856
2020-02-22 08:00:00,17648,15092
2020-02-22 09:00:00,17612,14754
2020-02-22 10:00:00,17452,14554
2020-02-22 11:00:00,17193,14423
2020-02-22 12:00:00,17298,14225
2020-02-22 13:00:00,16898,13929
2020-02-22 14:00:00,17128,13819
2020-02-22 15:00:00,17268,14031
2020-02-22 16:00:00,17703,14857
2020-02-22 17:00:00,18686,15964
2020-02-22 18:00:00,19089,16520
2020-02-22 19:00:00,19203,16363
2020-02-22 20:00:00,18614,15896
2020-02-22 21:00:00,18178,15398
2020-02-22 22:00:00,17447,14693
2020-02-22 23:00:00,16521,13903
2020-02-23 00:00:00,16330,13440
2020-02-23 01:00:00,16080,13036
2020-02-23 02:00:00,16061,12822
2020-02-23 03:00:00,16047,12791
2020-02-23 04:00:00,15664,12732
2020-02-23 05:00:00,15753,12924
2020-02-23 06:00:00,16066,13310
2020-02-23 07:00:00,16273,13603
2020-02-23 08:00:00,16061,13699
2020-02-23 09:00:00,16134,13545
2020-02-23 10:00:00,16096,13423
2020-02-23 11:00:00,16350,13327
2020-02-23 12:00:00,16494,13185
2020-02-23 13:00:00,16437,13140
2020-02-23 14:00:00,16578,13113
2020-02-23 15:00:00,16212,13345
2020-02-23 16:00:00,16829,14261
2020-02-23 17:00:00,18149,15534
2020-02-23 18:00:00,18895,16225
2020-02-23 19:00:00,18863,16272
2020-02-23 20:00:00,18727,15914
2020-02-23 21:00:00,18382,15349
2020-02-23 22:00:00,17505,14488
2020-02-23 23:00:00,16410,13522
2020-02-24 00:00:00,16073,13004
2020-02-24 01:00:00,15901,12702
2020-02-24 02:00:00,16070,12683
2020-02-24 03:00:00,15972,12686
2020-02-24 04:00:00,15494,12837
2020-02-24 05:00:00,16314,13638
2020-02-24 06:00:00,17580,15075
2020-02-24 07:00:00,18510,16171
2020-02-24 08:00:00,18638,16086
2020-02-24 09:00:00,18082,15652
2020-02-24 10:00:00,17808,15332
2020-02-24 11:00:00,17577,15154
2020-02-24 12:00:00,17597,15057
2020-02-24 13:00:00,17482,15006
2020-02-24 14:00:00,17666,15200
2020-02-24 15:00:00,17660,15417
2020-02-24 16:00:00,18468,16219
2020-02-24 17:00:00,19636,17348
2020-02-24 18:00:00,20187,17862
2020-02-24 19:00:00,19795,17749
2020-02-24 20:00:00,18985,17232
2020-02-24 21:00:00,18615,16668
2020-02-24 22:00:00,17613,15682
2020-02-24 23:00:00,16893,14652
2020-02-25 00:00:00,16283,13802
2020-02-25 01:00:00,15874,13456
2020-02-25 02:00:00,15581,13175
2020-02-25 03:00:00,15855,13123
2020-02-25 04:00:00,16155,13237
2020-02-25 05:00:00,16851,13890
2020-02-25 06:00:00,17967,15167
2020-02-25 07:00:00,18954,16418
2020-02-25 08:00:00,19364,16999
2020-02-25 09:00:00,19317,16878
2020-02-25 10:00:00,19101,16808
2020-02-25 11:00:00,19234,16678
2020-02-25 12:00:00,18838,16412
2020-02-25 13:00:00,18766,16165
2020-02-25 14:00:00,18506,16180
2020-02-25 15:00:00,18754,16426
2020-02-25 16:00:00,18987,16874
2020-02-25 17:00:00,19814,17429
2020-02-25 18:00:00,20271,17690
2020-02-25 19:00:00,20275,17634
2020-02-25 20:00:00,19837,17266
2020-02-25 21:00:00,19277,16709
2020-02-25 22:00:00,18235,15724
2020-02-25 23:00:00,17340,14521
2020-02-26 00:00:00,16854,14012
2020-02-26 01:00:00,16543,13679
2020-02-26 02:00:00,16214,13470
2020-02-26 03:00:00,16239,13350
2020-02-26 04:00:00,16545,13487
2020-02-26 05:00:00,17305,14349
2020-02-26 06:00:00,18185,15642
2020-02-26 07:00:00,19130,16816
2020-02-26 08:00:00,19788,17311
2020-02-26 09:00:00,19627,17480
2020-02-26 10:00:00,19984,17825
2020-02-26 11:00:00,19689,17527
2020-02-26 12:00:00,19508,17471
2020-02-26 13:00:00,19340,17390
2020-02-26 14:00:00,19420,17488
2020-02-26 15:00:00,19660,17614
2020-02-26 16:00:00,20191,18108
2020-02-26 17:00:00,20931,18668
2020-02-26 18:00:00,20759,18533
2020-02-26 19:00:00,20615,18385
2020-02-26 20:00:00,20251,18014
2020-02-26 21:00:00,19691,17331
2020-02-26 22:00:00,18741,16402
2020-02-26 23:00:00,17392,15262
2020-02-27 00:00:00,17538,14749
2020-02-27 01:00:00,16891,14302
2020-02-27 02:00:00,16761,14183
2020-02-27 03:00:00,16842,14078
2020-02-27 04:00:00,16992,14189
2020-02-27 05:00:00,17718,14734
2020-02-27 06:00:00,18554,16027
2020-02-27 07:00:00,19295,16989
2020-02-27 08:00:00,19471,17389
2020-02-27 09:00:00,19864,17371
2020-02-27 10:00:00,20236,17339
2020-02-27 11:00:00,19971,17354
2020-02-27 12:00:00,19550,17301
2020-02-27 13:00:00,19302,17341
2020-02-27 14:00:00,19413,17319
2020-02-27 15:00:00,19601,17390
2020-02-27 16:00:00,19787,17874
2020-02-27 17:00:00,20898,18478
2020-02-27 18:00:00,21584,18910
2020-02-27 19:00:00,21751,19013
2020-02-27 20:00:00,21289,18646
2020-02-27 21:00:00,20469,17933
2020-02-27 22:00:00,19232,16809
2020-02-27 23:00:00,18351,15828
2020-02-28 00:00:00,17956,15116
2020-02-28 01:00:00,17753,14731
2020-02-28 02:00:00,17581,14522
2020-02-28 03:00:00,17653,14569
2020-02-28 04:00:00,17343,14676
2020-02-28 05:00:00,17586,15260
2020-02-28 06:00:00,19027,16723
2020-02-28 07:00:00,19928,17713
2020-02-28 08:00:00,20004,17821
2020-02-28 09:00:00,19920,17664
2020-02-28 10:00:00,19770,17470
2020-02-28 11:00:00,19460,17180
2020-02-28 12:00:00,19211,16963
2020-02-28 13:00:00,19166,17032
2020-02-28 14:00:00,19191,17016
2020-02-28 15:00:00,19248,17125
2020-02-28 16:00:00,19899,17619
2020-02-28 17:00:00,20391,18216
2020-02-28 18:00:00,21145,18711
2020-02-28 19:00:00,20835,18744
2020-02-28 20:00:00,20946,18426
2020-02-28 21:00:00,19938,17618
2020-02-28 22:00:00,19193,16849
2020-02-28 23:00:00,18103,15987
2020-02-29 00:00:00,17321,15207
2020-02-29 01:00:00,17038,14829
2020-02-29 02:00:00,16930,14670
2020-02-29 03:00:00,16963,14589
2020-02-29 04:00:00,16899,14587
2020-02-29 05:00:00,17316,14960
2020-02-29 06:00:00,18002,15652
2020-02-29 07:00:00,18167,16178
2020-02-29 08:00:00,18565,16694
2020-02-29 09:00:00,18554,16824
2020-02-29 10:00:00,18170,16435
2020-02-29 11:00:00,17926,16137
2020-02-29 12:00:00,17742,15993
2020-02-29 13:00:00,17415,15597
2020-02-29 14:00:00,17528,15493
2020-02-29 15:00:00,17867,15576
2020-02-29 16:00:00,18442,16301
2020-02-29 17:00:00,18853,17014
2020-02-29 18:00:00,19745,17737
2020-02-29 19:00:00,19475,17645
2020-02-29 20:00:00,18782,17224
2020-02-29 21:00:00,18485,16608
2020-02-29 22:00:00,17368,15897
2020-02-29 23:00:00,16784,15199
2020-03-01 00:00:00,16748,14627
2020-03-01 01:00:00,16490,14326
2020-03-01 02:00:00,16483,14324
2020-03-01 03:00:00,16339,14275
2020-03-01 04:00:00,16160,14144
2020-03-01 05:00:00,16516,14485
2020-03-01 06:00:00,16923,14966
2020-03-01 07:00:00,16924,15198
2020-03-01 08:00:00,16930,15151
2020-03-01 09:00:00,17137,15090
2020-03-01 10:00:00,17010,15043
2020-03-01 11:00:00,16807,14917
2020-03-01 12:00:00,16638,14719
2020-03-01 13:00:00,16638,14649
2020-03-01 14:00:00,16804,14592
2020-03-01 15:00:00,17482,15020
2020-03-01 16:00:00,18560,16035
2020-03-01 17:00:00,19438,16995
2020-03-01 18:00:00,20169,17684
2020-03-01 19:00:00,19715,17370
2020-03-01 20:00:00,19047,16764
2020-03-01 21:00:00,18249,16075
2020-03-01 22:00:00,17662,15220
2020-03-01 23:00:00,16908,14272
2020-03-02 00:00:00,16645,13662
2020-03-02 01:00:00,15985,13259
2020-03-02 02:00:00,16183,13115
2020-03-02 03:00:00,16405,13059
2020-03-02 04:00:00,16231,13251
2020-03-02 05:00:00,16633,13788
2020-03-02 06:00:00,17741,14971
2020-03-02 07:00:00,18498,15956
2020-03-02 08:00:00,18772,16389
2020-03-02 09:00:00,18826,16538
2020-03-02 10:00:00,18702,16518
2020-03-02 11:00:00,18729,16621
2020-03-02 12:00:00,18712,16697
2020-03-02 13:00:00,18653,16721
2020-03-02 14:00:00,18742,16812
2020-03-02 15:00:00,18717,16774
2020-03-02 16:00:00,18977,17050
2020-03-02 17:00:00,19484,17436
2020-03-02 18:00:00,19588,17857
2020-03-02 19:00:00,19294,17789
2020-03-02 20:00:00,19433,17604
2020-03-02 21:00:00,18691,16829
2020-03-02 22:00:00,17742,15880
2020-03-02 23:00:00,16514,14810
2020-03-03 00:00:00,15766,14072
2020-03-03 01:00:00,15515,13742
2020-03-03 02:00:00,15370,13579
2020-03-03 03:00:00,15760,13674
2020-03-03 04:00:00,15937,13916
2020-03-03 05:00:00,16529,14516
2020-03-03 06:00:00,17454,15668
2020-03-03 07:00:00,18385,16779
2020-03-03 08:00:00,18523,16745
2020-03-03 09:00:00,18327,16599
2020-03-03 10:00:00,18539,16794
2020-03-03 11:00:00,18511,16787
2020-03-03 12:00:00,18027,16789
2020-03-03 13:00:00,18212,16990
2020-03-03 14:00:00,18329,17095
2020-03-03 15:00:00,18289,16988
2020-03-03 16:00:00,19010,17390
2020-03-03 17:00:00,19377,17788
2020-03-03 18:00:00,19822,18024
2020-03-03 19:00:00,19727,17848
2020-03-03 20:00:00,19353,17462
2020-03-03 21:00:00,18604,16759
2020-03-03 22:00:00,17731,15720
2020-03-03 23:00:00,16773,14493
2020-03-04 00:00:00,15870,13878
2020-03-04 01:00:00,15483,13538
2020-03-04 02:00:00,15148,13283
2020-03-04 03:00:00,15095,13261
2020-03-04 04:00:00,15409,13419
2020-03-04 05:00:00,16126,14015
2020-03-04 06:00:00,17236,15233
2020-03-04 07:00:00,18299,16251
2020-03-04 08:00:00,18360,16330
2020-03-04 09:00:00,17803,15859
2020-03-04 10:00:00,17800,15890
2020-03-04 11:00:00,17907,16137
2020-03-04 12:00:00,17402,15756
2020-03-04 13:00:00,17307,15708
2020-03-04 14:00:00,17320,15716
2020-03-04 15:00:00,17542,15949
2020-03-04 16:00:00,18399,16787
2020-03-04 17:00:00,19172,17465
2020-03-04 18:00:00,19817,18183
2020-03-04 19:00:00,19365,18077
2020-03-04 20:00:00,19154,17507
2020-03-04 21:00:00,18744,16822
2020-03-04 22:00:00,17819,15893
2020-03-04 23:00:00,16634,14881
2020-03-05 00:00:00,15985,14190
2020-03-05 01:00:00,15872,13914
2020-03-05 02:00:00,15576,13790
2020-03-05 03:00:00,15774,13894
2020-03-05 04:00:00,15820,14080
2020-03-05 05:00:00,16668,14722
2020-03-05 06:00:00,17842,15916
2020-03-05 07:00:00,18280,16497
2020-03-05 08:00:00,17810,16112
2020-03-05 09:00:00,17450,15645
2020-03-05 10:00:00,17508,15248
2020-03-05 11:00:00,17455,15041
2020-03-05 12:00:00,17211,14993
2020-03-05 13:00:00,17064,14983
2020-03-05 14:00:00,16759,14993
2020-03-05 15:00:00,17134,15302
2020-03-05 16:00:00,17657,15887
2020-03-05 17:00:00,18543,16620
2020-03-05 18:00:00,19029,17203
2020-03-05 19:00:00,19479,17520
2020-03-05 20:00:00,19308,16998
2020-03-05 21:00:00,18953,16542
2020-03-05 22:00:00,18703,16010
2020-03-05 23:00:00,17383,14954
2020-03-06 00:00:00,16041,14341
2020-03-06 01:00:00,15736,14028
2020-03-06 02:00:00,15484,13705
2020-03-06 03:00:00,15141,13432
2020-03-06 04:00:00,15721,13720
2020-03-06 05:00:00,16686,14323
2020-03-06 06:00:00,17391,15452
2020-03-06 07:00:00,18805,16600
2020-03-06 08:00:00,18870,16705
2020-03-06 09:00:00,18899,16720
2020-03-06 10:00:00,18897,16801
2020-03-06 11:00:00,18667,16667
2020-03-06 12:00:00,18556,16485
2020-03-06 13:00:00,18492,16378
2020-03-06 14:00:00,18466,16279
2020-03-06 15:00:00,18822,16294
2020-03-06 16:00:00,19532,16938
2020-03-06 17:00:00,20034,17384
2020-03-06 18:00:00,19622,17602
2020-03-06 19:00:00,19379,17530
2020-03-06 20:00:00,19277,17248
2020-03-06 21:00:00,18540,16645
2020-03-06 22:00:00,17941,15719
2020-03-06 23:00:00,17137,14847
2020-03-07 00:00:00,16747,14208
2020-03-07 01:00:00,16506,13878
2020-03-07 02:00:00,16206,13785
2020-03-07 03:00:00,16365,13772
2020-03-07 04:00:00,16423,13998
2020-03-07 05:00:00,16637,14294
2020-03-07 06:00:00,17124,15008
2020-03-07 07:00:00,17121,15293
2020-03-07 08:00:00,16841,14887
2020-03-07 09:00:00,16527,14652
2020-03-07 10:00:00,16671,14641
2020-03-07 11:00:00,16704,14557
2020-03-07 12:00:00,16704,14413
2020-03-07 13:00:00,16263,14118
2020-03-07 14:00:00,16184,13981
2020-03-07 15:00:00,16269,14145
2020-03-07 16:00:00,16781,14814
2020-03-07 17:00:00,17428,15598
2020-03-07 18:00:00,18290,16413
2020-03-07 19:00:00,18382,16485
2020-03-07 20:00:00,18127,16032
2020-03-07 21:00:00,17725,15571
2020-03-07 22:00:00,17078,14836
2020-03-07 23:00:00,16552,13981
2020-03-08 00:00:00,16231,13450
2020-03-08 01:00:00,16569,13011
2020-03-08 02:00:00,16310,12735
2020-03-08 03:00:00,16014,12598
2020-03-08 04:00:00,16065,12833
2020-03-08 05:00:00,15737,12962
2020-03-08 06:00:00,16029,13443
2020-03-08 07:00:00,16307,13819
2020-03-08 08:00:00,16758,13758
2020-03-08 09:00:00,16748,13563
2020-03-08 10:00:00,16520,13196
2020-03-08 11:00:00,16766,13183
2020-03-08 12:00:00,17018,12993
2020-03-08 13:00:00,16984,12756
2020-03-08 14:00:00,16905,12744
2020-03-08 15:00:00,17428,13495
2020-03-08 16:00:00,18123,14468
2020-03-08 17:00:00,18379,15082
2020-03-08 18:00:00,18923,15809
2020-03-08 19:00:00,18482,15867
2020-03-08 20:00:00,18128,15287
2020-03-08 21:00:00,17572,14469
2020-03-08 22:00:00,17272,13626
2020-03-08 23:00:00,16677,12940
2020-03-09 00:00:00,16373,12506
2020-03-09 01:00:00,15906,12235
2020-03-09 02:00:00,15810,12137
2020-03-09 03:00:00,15886,12234
2020-03-09 04:00:00,16336,12794
2020-03-09 05:00:00,16809,13984
2020-03-09 06:00:00,18073,15560
2020-03-09 07:00:00,18229,15755
2020-03-09 08:00:00,17662,14994
2020-03-09 09:00:00,17392,14507
2020-03-09 10:00:00,17372,14130
2020-03-09 11:00:00,17553,14126
2020-03-09 12:00:00,17573,14244
2020-03-09 13:00:00,17485,14439
2020-03-09 14:00:00,17605,14677
2020-03-09 15:00:00,17878,15185
2020-03-09 16:00:00,18586,15898
2020-03-09 17:00:00,18632,16020
2020-03-09 18:00:00,18827,16455
2020-03-09 19:00:00,18687,16357
2020-03-09 20:00:00,18662,15745
2020-03-09 21:00:00,18168,14792
2020-03-09 22:00:00,17393,13785
2020-03-09 23:00:00,17053,12965
2020-03-10 00:00:00,16769,12491
2020-03-10 01:00:00,16254,12136
2020-03-10 02:00:00,16263,12164
2020-03-10 03:00:00,16281,12218
2020-03-10 04:00:00,16513,12780
2020-03-10 05:00:00,16827,13873
2020-03-10 06:00:00,18199,15390
2020-03-10 07:00:00,18733,16026
2020-03-10 08:00:00,18215,15908
2020-03-10 09:00:00,18094,15884
2020-03-10 10:00:00,18238,15838
2020-03-10 11:00:00,18322,15832
2020-03-10 12:00:00,18459,15807
2020-03-10 13:00:00,18268,15540
2020-03-10 14:00:00,17846,15563
2020-03-10 15:00:00,18131,15863
2020-03-10 16:00:00,18196,15904
2020-03-10 17:00:00,17934,16051
2020-03-10 18:00:00,18422,16835
2020-03-10 19:00:00,18732,17179
2020-03-10 20:00:00,18224,16744
2020-03-10 21:00:00,17131,15843
2020-03-10 22:00:00,15980,14781
2020-03-10 23:00:00,15651,13993
2020-03-11 00:00:00,15509,13652
2020-03-11 01:00:00,15061,13470
2020-03-11 02:00:00,14888,13414
2020-03-11 03:00:00,14994,13573
2020-03-11 04:00:00,15361,14128
2020-03-11 05:00:00,16969,15362
2020-03-11 06:00:00,18518,16980
2020-03-11 07:00:00,18312,17051
2020-03-11 08:00:00,17982,16583
2020-03-11 09:00:00,18028,16609
2020-03-11 10:00:00,17787,16306
2020-03-11 11:00:00,17610,16136
2020-03-11 12:00:00,17283,15933
2020-03-11 13:00:00,16823,15369
2020-03-11 14:00:00,17165,15804
2020-03-11 15:00:00,18003,16451
2020-03-11 16:00:00,18374,16998
2020-03-11 17:00:00,18427,17030
2020-03-11 18:00:00,18891,17460
2020-03-11 19:00:00,19085,17632
2020-03-11 20:00:00,18867,16976
2020-03-11 21:00:00,17706,15880
2020-03-11 22:00:00,16139,14846
2020-03-11 23:00:00,15401,14039
2020-03-12 00:00:00,15026,13631
2020-03-12 01:00:00,15252,13449
2020-03-12 02:00:00,15092,13395
2020-03-12 03:00:00,14984,13384
2020-03-12 04:00:00,15094,13835
2020-03-12 05:00:00,16600,15051
2020-03-12 06:00:00,18648,16754
2020-03-12 07:00:00,18695,16985
2020-03-12 08:00:00,18172,16477
2020-03-12 09:00:00,17897,16129
2020-03-12 10:00:00,17580,15707
2020-03-12 11:00:00,17457,15251
2020-03-12 12:00:00,17520,15053
2020-03-12 13:00:00,17603,14942
2020-03-12 14:00:00,17453,15150
2020-03-12 15:00:00,17888,15733
2020-03-12 16:00:00,18474,16218
2020-03-12 17:00:00,18755,16374
2020-03-12 18:00:00,19191,16972
2020-03-12 19:00:00,18673,16885
2020-03-12 20:00:00,18187,16364
2020-03-12 21:00:00,17426,15386
2020-03-12 22:00:00,17077,14376
2020-03-12 23:00:00,16928,13689
2020-03-13 00:00:00,16421,13078
2020-03-13 01:00:00,16092,12697
2020-03-13 02:00:00,16345,12516
2020-03-13 03:00:00,16562,12547
2020-03-13 04:00:00,16734,13036
2020-03-13 05:00:00,17167,14141
2020-03-13 06:00:00,18449,15673
2020-03-13 07:00:00,18973,16193
2020-03-13 08:00:00,18925,16029
2020-03-13 09:00:00,18698,15772
2020-03-13 10:00:00,18808,15565
2020-03-13 11:00:00,18732,15396
2020-03-13 12:00:00,18381,15235
2020-03-13 13:00:00,18480,15245
2020-03-13 14:00:00,18394,15399
2020-03-13 15:00:00,17962,15501
2020-03-13 16:00:00,18270,15820
2020-03-13 17:00:00,18810,16279
2020-03-13 18:00:00,19121,16835
2020-03-13 19:00:00,19260,16944
2020-03-13 20:00:00,18721,16330
2020-03-13 21:00:00,18073,15418
2020-03-13 22:00:00,17469,14386
2020-03-13 23:00:00,17024,13605
2020-03-14 00:00:00,17025,13294
2020-03-14 01:00:00,16787,13084
2020-03-14 02:00:00,16696,12959
2020-03-14 03:00:00,16368,13031
2020-03-14 04:00:00,16287,13274
2020-03-14 05:00:00,16269,13723
2020-03-14 06:00:00,16503,14269
2020-03-14 07:00:00,16594,14713
2020-03-14 08:00:00,17101,15105
2020-03-14 09:00:00,17551,15407
2020-03-14 10:00:00,17260,15199
2020-03-14 11:00:00,17220,15140
2020-03-14 12:00:00,17067,14997
2020-03-14 13:00:00,16952,14851
2020-03-14 14:00:00,16821,14721
2020-03-14 15:00:00,17095,15075
2020-03-14 16:00:00,17951,15697
2020-03-14 17:00:00,18297,16097
2020-03-14 18:00:00,18738,16345
2020-03-14 19:00:00,18063,16024
2020-03-14 20:00:00,17904,15615
2020-03-14 21:00:00,17293,15007
2020-03-14 22:00:00,16649,14280
2020-03-14 23:00:00,16103,13605
2020-03-15 00:00:00,15630,13175
2020-03-15 01:00:00,15126,12905
2020-03-15 02:00:00,15237,12787
2020-03-15 03:00:00,15324,12776
2020-03-15 04:00:00,15549,13014
2020-03-15 05:00:00,15683,13450
2020-03-15 06:00:00,16137,13967
2020-03-15 07:00:00,16398,14214
2020-03-15 08:00:00,16328,13959
2020-03-15 09:00:00,15994,13722
2020-03-15 10:00:00,15835,13766
2020-03-15 11:00:00,15947,13855
2020-03-15 12:00:00,16000,13724
2020-03-15 13:00:00,15962,13496
2020-03-15 14:00:00,16036,13433
2020-03-15 15:00:00,15859,13782
2020-03-15 16:00:00,16630,14625
2020-03-15 17:00:00,17351,15346
2020-03-15 18:00:00,18445,16190
2020-03-15 19:00:00,18638,16492
2020-03-15 20:00:00,18224,16052
2020-03-15 21:00:00,17405,15374
2020-03-15 22:00:00,16610,14627
2020-03-15 23:00:00,16273,14077
2020-03-16 00:00:00,16241,13741
2020-03-16 01:00:00,16081,13483
2020-03-16 02:00:00,15992,13471
2020-03-16 03:00:00,16143,13565
2020-03-16 04:00:00,16734,14059
2020-03-16 05:00:00,17460,15044
2020-03-16 06:00:00,18237,16048
2020-03-16 07:00:00,18276,16239
2020-03-16 08:00:00,18266,15891
2020-03-16 09:00:00,18076,15693
2020-03-16 10:00:00,18168,15514
2020-03-16 11:00:00,16935,15348
2020-03-16 12:00:00,17086,15110
2020-03-16 13:00:00,17304,15022
2020-03-16 14:00:00,17488,15127
2020-03-16 15:00:00,17778,15554
2020-03-16 16:00:00,18606,16443
2020-03-16 17:00:00,19100,16860
2020-03-16 18:00:00,19530,17400
2020-03-16 19:00:00,19547,17351
2020-03-16 20:00:00,18650,16597
2020-03-16 21:00:00,17775,15733
2020-03-16 22:00:00,16901,14841
2020-03-16 23:00:00,16286,14171
2020-03-17 00:00:00,16107,13654
2020-03-17 01:00:00,15640,13324
2020-03-17 02:00:00,15803,13202
2020-03-17 03:00:00,15836,13298
2020-03-17 04:00:00,16427,13736
2020-03-17 05:00:00,17074,14564
2020-03-17 06:00:00,17975,15571
2020-03-17 07:00:00,18530,16204
2020-03-17 08:00:00,18885,16530
2020-03-17 09:00:00,18997,16648
2020-03-17 10:00:00,18949,16458
2020-03-17 11:00:00,18761,16277
2020-03-17 12:00:00,18532,16008
2020-03-17 13:00:00,18263,15542
2020-03-17 14:00:00,17699,14998
2020-03-17 15:00:00,17424,15104
2020-03-17 16:00:00,17970,15470
2020-03-17 17:00:00,18115,15813
2020-03-17 18:00:00,19169,16544
2020-03-17 19:00:00,19470,16912
2020-03-17 20:00:00,18596,16463
2020-03-17 21:00:00,17638,15658
2020-03-17 22:00:00,17008,14970
2020-03-17 23:00:00,16092,14239
2020-03-18 00:00:00,15587,13773
2020-03-18 01:00:00,15301,13630
2020-03-18 02:00:00,15381,13554
2020-03-18 03:00:00,15193,13541
2020-03-18 04:00:00,16196,13989
2020-03-18 05:00:00,17065,14952
2020-03-18 06:00:00,17945,15781
2020-03-18 07:00:00,17807,15879
2020-03-18 08:00:00,18007,15819
2020-03-18 09:00:00,17603,15384
2020-03-18 10:00:00,17763,15392
2020-03-18 11:00:00,18000,15702
2020-03-18 12:00:00,17681,15612
2020-03-18 13:00:00,17769,15712
2020-03-18 14:00:00,17856,15765
2020-03-18 15:00:00,18090,16025
2020-03-18 16:00:00,18444,16530
2020-03-18 17:00:00,18660,16707
2020-03-18 18:00:00,18967,17059
2020-03-18 19:00:00,18993,16926
2020-03-18 20:00:00,18256,16221
2020-03-18 21:00:00,17383,15317
2020-03-18 22:00:00,16447,14538
2020-03-18 23:00:00,15863,13824
2020-03-19 00:00:00,15550,13464
2020-03-19 01:00:00,15333,13249
2020-03-19 02:00:00,15363,13121
2020-03-19 03:00:00,15477,13187
2020-03-19 04:00:00,16152,13578
2020-03-19 05:00:00,17032,14566
2020-03-19 06:00:00,17798,15603
2020-03-19 07:00:00,18055,15955
2020-03-19 08:00:00,17994,16138
2020-03-19 09:00:00,17826,16109
2020-03-19 10:00:00,18064,16167
2020-03-19 11:00:00,17875,16168
2020-03-19 12:00:00,17701,16033
2020-03-19 13:00:00,17601,15947
2020-03-19 14:00:00,17739,15845
2020-03-19 15:00:00,18036,16192
2020-03-19 16:00:00,18285,16588
2020-03-19 17:00:00,18457,16437
2020-03-19 18:00:00,18626,16594
2020-03-19 19:00:00,18583,16364
2020-03-19 20:00:00,18048,15636
2020-03-19 21:00:00,17527,14780
2020-03-19 22:00:00,16916,13853
2020-03-19 23:00:00,16855,13208
2020-03-20 00:00:00,16642,12692
2020-03-20 01:00:00,16413,12230
2020-03-20 02:00:00,16289,12101
2020-03-20 03:00:00,16323,12131
2020-03-20 04:00:00,16451,12475
2020-03-20 05:00:00,16640,13312
2020-03-20 06:00:00,17439,14218
2020-03-20 07:00:00,17798,14869
2020-03-20 08:00:00,17800,15160
2020-03-20 09:00:00,17942,15246
2020-03-20 10:00:00,17642,15203
2020-03-20 11:00:00,18043,15413
2020-03-20 12:00:00,17540,14931
2020-03-20 13:00:00,17467,14598
2020-03-20 14:00:00,17273,14421
2020-03-20 15:00:00,17854,14843
2020-03-20 16:00:00,18790,15537
2020-03-20 17:00:00,19028,15876
2020-03-20 18:00:00,19281,16442
2020-03-20 19:00:00,19202,16542
2020-03-20 20:00:00,18764,15992
2020-03-20 21:00:00,18471,15155
2020-03-20 22:00:00,17524,14285
2020-03-20 23:00:00,16837,13719
2020-03-21 00:00:00,16440,13424
2020-03-21 01:00:00,16361,13180
2020-03-21 02:00:00,16360,13192
2020-03-21 03:00:00,15905,13270
2020-03-21 04:00:00,15880,13465
2020-03-21 05:00:00,16649,14082
2020-03-21 06:00:00,16669,14685
2020-03-21 07:00:00,16593,14898
2020-03-21 08:00:00,16486,14705
2020-03-21 09:00:00,16340,14548
2020-03-21 10:00:00,16325,14493
2020-03-21 11:00:00,16325,14479
2020-03-21 12:00:00,16357,14215
2020-03-21 13:00:00,15783,13919
2020-03-21 14:00:00,15928,13792
2020-03-21 15:00:00,16119,14074
2020-03-21 16:00:00,17056,15047
2020-03-21 17:00:00,17514,15785
2020-03-21 18:00:00,18286,16374
2020-03-21 19:00:00,18117,16474
2020-03-21 20:00:00,17674,15969
2020-03-21 21:00:00,16523,15282
2020-03-21 22:00:00,16044,14627
2020-03-21 23:00:00,15695,14090
2020-03-22 00:00:00,15278,13645
2020-03-22 01:00:00,14994,13443
2020-03-22 02:00:00,14944,13354
2020-03-22 03:00:00,14960,13397
2020-03-22 04:00:00,15164,13537
2020-03-22 05:00:00,15454,13905
2020-03-22 06:00:00,15830,14243
2020-03-22 07:00:00,15801,14114
2020-03-22 08:00:00,15877,13911
2020-03-22 09:00:00,15891,13718
2020-03-22 10:00:00,16149,13785
2020-03-22 11:00:00,16440,14102
2020-03-22 12:00:00,16514,13926
2020-03-22 13:00:00,16204,13540
2020-03-22 14:00:00,16071,13626
2020-03-22 15:00:00,16808,14393
2020-03-22 16:00:00,17596,15305
2020-03-22 17:00:00,18021,15824
2020-03-22 18:00:00,18444,16373
2020-03-22 19:00:00,18204,16434
2020-03-22 20:00:00,17524,15599
2020-03-22 21:00:00,16626,14790
2020-03-22 22:00:00,16170,14060
2020-03-22 23:00:00,15663,13477
2020-03-23 00:00:00,15737,13178
2020-03-23 01:00:00,15211,13018
2020-03-23 02:00:00,15376,13201
2020-03-23 03:00:00,15453,13345
2020-03-23 04:00:00,15698,13701
2020-03-23 05:00:00,16254,14596
2020-03-23 06:00:00,17808,15573
2020-03-23 07:00:00,18302,16133
2020-03-23 08:00:00,18844,16512
2020-03-23 09:00:00,19029,16716
2020-03-23 10:00:00,18954,16897
2020-03-23 11:00:00,18896,16935
2020-03-23 12:00:00,18863,16734
2020-03-23 13:00:00,18663,16419
2020-03-23 14:00:00,18564,16147
2020-03-23 15:00:00,18965,16497
2020-03-23 16:00:00,19424,16975
2020-03-23 17:00:00,19361,16851
2020-03-23 18:00:00,19376,16950
2020-03-23 19:00:00,19027,16712
2020-03-23 20:00:00,18036,16087
2020-03-23 21:00:00,17230,15190
2020-03-23 22:00:00,16035,14266
2020-03-23 23:00:00,15426,13544
2020-03-24 00:00:00,14693,13100
2020-03-24 01:00:00,14493,12846
2020-03-24 02:00:00,14767,12737
2020-03-24 03:00:00,14767,12834
2020-03-24 04:00:00,15405,13332
2020-03-24 05:00:00,16372,14223
2020-03-24 06:00:00,17288,15157
2020-03-24 07:00:00,17682,15476
2020-03-24 08:00:00,17461,15639
2020-03-24 09:00:00,17715,15554
2020-03-24 10:00:00,17492,15353
2020-03-24 11:00:00,17421,15274
2020-03-24 12:00:00,17191,15051
2020-03-24 13:00:00,16682,14852
2020-03-24 14:00:00,16225,14536
2020-03-24 15:00:00,16370,14674
2020-03-24 16:00:00,17384,15295
2020-03-24 17:00:00,17724,15570
2020-03-24 18:00:00,17931,15921
2020-03-24 19:00:00,17999,16047
2020-03-24 20:00:00,17456,15398
2020-03-24 21:00:00,16637,14515
2020-03-24 22:00:00,15874,13649
2020-03-24 23:00:00,15673,13132
